"S.No","Admission Number","Register Number","Student Name","Department","Address","Student Mobile Number","Parent/Father Name","Parent/Guardian Mobile Number"
1,"Not Available","21525100001","AATHISH S","IT","6, KUNJAN STREET, KILAMANGALAM, TAMIL NADU - 614615","Not Available","SELVAKUMAR K","8667292413"
2,"Not Available","21525100002","ABDUL HADHI S","IT","58/6, MANIVILAN 5TH STREET, ARANTHANGI, TAMIL NADU - 614616","Not Available","SULTHAN S","9345557040"
3,"Not Available","21525100003","ABISHEK S","IT","Not Available","Not Available","Not Available","Not Available"
4,"Not Available","21525100004","AKALYA P","IT","12/55-6B, PERIYAR NAGAR, THIRUPPATHUR, TAMIL NADU - 630211","Not Available","PALANIKUMAR","9659966687"
5,"Not Available","21525100005","ALBERT EZHIL IRUDHAYARAJ J","IT","2/179A, S GOLLA PATTI, SELLIYAM PATTI, TAMIL NADU - 636809","Not Available","JOHN ROBERT A","9043422947"
6,"Not Available","21525100006","AMURTHA DHARSHINI S","IT","DOOR NO-56, KEEZHA THERU, VALAJANAGARAM, TAMIL NADU - 621704","Not Available","AJITHKUMAR","9751258074"
7,"Not Available","21525100007","ANBUMANI A","IT","Not Available","Not Available","Not Available","Not Available"
8,"Not Available","21525100008","ARAVINTHAKRISHNA S","IT","6/11/320 S.S KOVIL ST, PARAMAKKUDI PO, TAMIL NADU - 623707","Not Available","SRINIVASARAGAVAN S","8438920140"
9,"Not Available","21525100009","ASHARAAF M","IT","2/3, USAMAN NAGAR, KARIMSHATHAKKA PRIMIVIMANGALAM, VILLUPURAM, TAMIL NADU - 606206","Not Available","MUBARAK BASHA","9789563503"
10,"Not Available","21525100010","DESIKA A","IT","Not Available","Not Available","Not Available","Not Available"
11,"Not Available","21525100011","DHARANEESH B","IT","5/10, RETTIPATTI, IDAPPADI, TAMIL NADU - 637102","Not Available","BASKARAN M","8939930577"
12,"Not Available","21525100013","GOKUL S","IT","NORTH STREET, VTC CHINNAKOLLIYUR, PERIYAKOLLIYUR, SANKARAPURAM, TAMIL NADU - 605801","Not Available","SANMUGAM C","9842140743"
13,"Not Available","21525100014","GOPIKAVANI G","IT","25 G, NEW STREET, PARAMATHI VELUR, POTHANUR, TAMIL NADU - 638181","Not Available","GUNASEKARAN K","7708717957"
14,"Not Available","21525100015","GURU YOKESHWAR S C","IT","2/53, MAIN ROAD, PAVITHIRAMANIKAM, ELAVANGUDI, KODAVASAL, TAMIL NADU - 610104","Not Available","SAKTHIVEL R","9442890891"
15,"Not Available","21525100016","HARIHARAN M","IT","1/39, DEVAR STREET, KALLAKOTTAI, GANDARVAKOTTAI, TAMIL NADU - 622302","Not Available","MURUGESH M","9626168321"
16,"Not Available","21525100017","JAYAPRAKASH M","IT","3/4, RAOAD STREET, KARUVEPPIALIPALAYAM, ULUNDHURPETTAI, TAMIL NADU - 607204","Not Available","MANNATHAN S","9345725453"
17,"Not Available","21525100018","KABILAN J","IT","Not Available","Not Available","Not Available","Not Available"
18,"Not Available","21525100019","KABILESH B","IT","1/396, WEST KURUMBA ST, VAIRICHETTIPALAYAM, THURAIYUR, TAMIL NADU - 621012","Not Available","BALUSAMY","9361101715"
19,"Not Available","21525100020","KABILNATH K","IT","10, GANDHIYAR STREET, TAMIL NADU - 621704","Not Available","KARTHIKEYAN","8056459867"
20,"Not Available","21525100021","KAMALESH K","IT","Not Available","Not Available","Not Available","Not Available"
21,"Not Available","21525100056","SRIKANTH D","IT","5/A1, KEELAKADU, NAVALUR, KATTUPATTU, SRIRANGAM TK, NAVALURKOTTAPATTU, TAMIL NADU - 620009","Not Available","DHARMARAJ T","8072230005"
